name,type1,hp,attack,defense,speed,base_total,generation,is_legendary
Bulbasaur,grass,45,49,49,45,318,1,0
Ivysaur,grass,60,62,63,60,405,1,0
Venusaur,grass,80,100,123,80,625,1,0
Charmander,fire,39,52,43,65,309,1,0
Charmeleon,fire,58,64,58,80,405,1,0
Charizard,fire,78,104,78,100,634,1,0
Squirtle,water,44,48,65,43,314,1,0
Wartortle,water,59,63,80,58,405,1,0
Blastoise,water,79,103,120,78,630,1,0
Caterpie,bug,45,30,35,45,195,1,0
Metapod,bug,50,20,55,30,205,1,0
Butterfree,bug,60,45,50,70,395,1,0
Weedle,bug,40,35,30,50,195,1,0
Kakuna,bug,45,25,50,35,205,1,0
Beedrill,bug,65,150,40,145,495,1,0
Pidgey,normal,40,45,40,56,251,1,0
Pidgeotto,normal,63,60,55,71,349,1,0
Pidgeot,normal,83,80,80,121,579,1,0
Rattata,normal,30,56,35,72,253,1,0
Raticate,normal,75,71,70,77,413,1,0
Spearow,normal,40,60,30,70,262,1,0
Fearow,normal,65,90,65,100,442,1,0
Ekans,poison,35,60,44,55,288,1,0
Arbok,poison,60,95,69,80,448,1,0
Pikachu,electric,35,55,40,90,320,1,0
Raichu,electric,60,85,50,110,485,1,0
Sandshrew,ground,50,75,90,40,300,1,0
Sandslash,ground,75,100,120,65,450,1,0
Nidoran♀,poison,55,47,52,41,275,1,0
Nidorina,poison,70,62,67,56,365,1,0
Nidoqueen,poison,90,92,87,76,505,1,0
Nidoran♂,poison,46,57,40,50,273,1,0
Nidorino,poison,61,72,57,65,365,1,0
Nidoking,poison,81,102,77,85,505,1,0
Clefairy,fairy,70,45,48,35,323,1,0
Clefable,fairy,95,70,73,60,483,1,0
Vulpix,fire,38,41,40,65,299,1,0
Ninetales,fire,73,67,75,109,505,1,0
Jigglypuff,normal,115,45,20,20,270,1,0
Wigglytuff,normal,140,70,45,45,435,1,0
Zubat,poison,40,45,35,55,245,1,0
Golbat,poison,75,80,70,90,455,1,0
Oddish,grass,45,50,55,30,320,1,0
Gloom,grass,60,65,70,40,395,1,0
Vileplume,grass,75,80,85,50,490,1,0
Paras,bug,35,70,55,25,285,1,0
Parasect,bug,60,95,80,30,405,1,0
Venonat,bug,60,55,50,45,305,1,0
Venomoth,bug,70,65,60,90,450,1,0
Diglett,ground,10,55,30,90,265,1,0
Dugtrio,ground,35,100,60,110,425,1,0
Meowth,normal,40,35,35,90,290,1,0
Persian,normal,65,60,60,115,440,1,0
Psyduck,water,50,52,48,55,320,1,0
Golduck,water,80,82,78,85,500,1,0
Mankey,fighting,40,80,35,70,305,1,0
Primeape,fighting,65,105,60,95,455,1,0
Growlithe,fire,55,70,45,60,350,1,0
Arcanine,fire,90,110,80,95,555,1,0
Poliwag,water,40,50,40,90,300,1,0
Poliwhirl,water,65,65,65,90,385,1,0
Poliwrath,water,90,95,95,70,510,1,0
Abra,psychic,25,20,15,90,310,1,0
Kadabra,psychic,40,35,30,105,400,1,0
Alakazam,psychic,55,50,65,150,600,1,0
Machop,fighting,70,80,50,35,305,1,0
Machoke,fighting,80,100,70,45,405,1,0
Machamp,fighting,90,130,80,55,505,1,0
Bellsprout,grass,50,75,35,40,300,1,0
Weepinbell,grass,65,90,50,55,390,1,0
Victreebel,grass,80,105,65,70,490,1,0
Tentacool,water,40,40,35,70,335,1,0
Tentacruel,water,80,70,65,100,515,1,0
Geodude,rock,40,80,100,20,300,1,0
Graveler,rock,55,95,115,35,390,1,0
Golem,rock,80,120,130,45,495,1,0
Ponyta,fire,50,85,55,90,410,1,0
Rapidash,fire,65,100,70,105,500,1,0
Slowpoke,water,90,65,65,15,315,1,0
Slowbro,water,95,75,180,30,590,1,0
Magnemite,electric,25,35,70,45,325,1,0
Magneton,electric,50,60,95,70,465,1,0
Farfetch'd,normal,52,90,55,60,377,1,0
Doduo,normal,35,85,45,75,310,1,0
Dodrio,normal,60,110,70,110,470,1,0
Seel,water,65,45,55,45,325,1,0
Dewgong,water,90,70,80,70,475,1,0
Grimer,poison,80,80,50,25,325,1,0
Muk,poison,105,105,75,50,500,1,0
Shellder,water,30,65,100,40,305,1,0
Cloyster,water,50,95,180,70,525,1,0
Gastly,ghost,30,35,30,80,310,1,0
Haunter,ghost,45,50,45,95,405,1,0
Gengar,ghost,60,65,80,130,600,1,0
Onix,rock,35,45,160,70,385,1,0
Drowzee,psychic,60,48,45,42,328,1,0
Hypno,psychic,85,73,70,67,483,1,0
Krabby,water,30,105,90,50,325,1,0
Kingler,water,55,130,115,75,475,1,0
Voltorb,electric,40,30,50,100,330,1,0
Electrode,electric,60,50,70,150,490,1,0
Exeggcute,grass,60,40,80,40,325,1,0
Exeggutor,grass,95,105,85,45,530,1,0
Cubone,ground,50,50,95,35,320,1,0
Marowak,ground,60,80,110,45,425,1,0
Hitmonlee,fighting,50,120,53,87,455,1,0
Hitmonchan,fighting,50,105,79,76,455,1,0
Lickitung,normal,90,55,75,30,385,1,0
Koffing,poison,40,65,95,35,340,1,0
Weezing,poison,65,90,120,60,490,1,0
Rhyhorn,ground,80,85,95,25,345,1,0
Rhydon,ground,105,130,120,40,485,1,0
Chansey,normal,250,5,5,50,450,1,0
Tangela,grass,65,55,115,60,435,1,0
Kangaskhan,normal,105,125,100,100,590,1,0
Horsea,water,30,40,70,60,295,1,0
Seadra,water,55,65,95,85,440,1,0
Goldeen,water,45,67,60,63,320,1,0
Seaking,water,80,92,65,68,450,1,0
Staryu,water,30,45,55,85,340,1,0
Starmie,water,60,75,85,115,520,1,0
Mr. Mime,psychic,40,45,65,90,460,1,0
Scyther,bug,70,110,80,105,500,1,0
Jynx,ice,65,50,35,95,455,1,0
Electabuzz,electric,65,83,57,105,490,1,0
Magmar,fire,65,95,57,93,495,1,0
Pinsir,bug,65,155,120,105,600,1,0
Tauros,normal,75,100,95,110,490,1,0
Magikarp,water,20,10,55,80,200,1,0
Gyarados,water,95,155,109,81,640,1,0
Lapras,water,130,85,80,60,535,1,0
Ditto,normal,48,48,48,48,288,1,0
Eevee,normal,55,55,50,55,325,1,0
Vaporeon,water,130,65,60,65,525,1,0
Jolteon,electric,65,65,60,130,525,1,0
Flareon,fire,65,130,60,65,525,1,0
Porygon,normal,65,60,70,40,395,1,0
Omanyte,rock,35,40,100,35,355,1,0
Omastar,rock,70,60,125,55,495,1,0
Kabuto,rock,30,80,90,55,355,1,0
Kabutops,rock,60,115,105,80,495,1,0
Aerodactyl,rock,80,135,85,150,615,1,0
Snorlax,normal,160,110,65,30,540,1,0
Articuno,ice,90,85,100,85,580,1,1
Zapdos,electric,90,90,85,100,580,1,1
Moltres,fire,90,100,90,90,580,1,1
Dratini,dragon,41,64,45,50,300,1,0
Dragonair,dragon,61,84,65,70,420,1,0
Dragonite,dragon,91,134,95,80,600,1,0
Mewtwo,psychic,106,150,70,140,780,1,1
